# v_mps,ax_max_machines_mps2
0.0,3.0
1.6666666666666667,2.8333333333333335
3.3333333333333335,2.6666666666666665
5.0,2.5
6.666666666666667,2.333333333333333
8.333333333333334,2.1666666666666665
10.0,2.0
11.666666666666668,1.8333333333333333
13.333333333333334,1.6666666666666665
15.0,1.5
16.666666666666668,1.333333333333333
18.333333333333336,1.1666666666666663
20.0,1.0
21.666666666666668,0.833333333333333
23.333333333333336,0.6666666666666665
25.0,0.5
27.5,0.25
30.0,0.0
