# v_mps,ax_max_machines_mps2
0.0,0.5
1.1111111111111112,0.5
2.2222222222222223,0.5
3.3333333333333335,0.5
4.444444444444445,0.5
5.555555555555555,0.5
6.666666666666667,0.5
7.777777777777779,0.5
8.88888888888889,0.5
10.0,0.5
11.11111111111111,0.5
12.222222222222223,0.5
13.333333333333334,0.5
14.444444444444445,0.5
15.555555555555557,0.5
16.666666666666668,0.5
18.333333333333336,0.5
20.0,0.5
