{"count":1,"self":77.9093376,"total":58311.542247,"children":{"InitializeActuators":{"count":1,"self":0.0014089999999999999,"total":0.0014089999999999999,"children":null},"InitializeSensors":{"count":1,"self":0.00437,"total":0.00437,"children":null},"AgentSendState":{"count":6831,"self":0.075631999999999991,"total":193.09803,"children":{"CollectObservations":{"count":6831,"self":0.048798999999999995,"total":0.048798999999999995,"children":null},"WriteActionMask":{"count":6831,"self":0.014147999999999999,"total":0.014147999999999999,"children":null},"RequestDecision":{"count":6831,"self":0.040227,"total":192.959451,"children":{"AgentInfo.ToProto":{"count":6831,"self":0.069886,"total":192.91922399999999,"children":{"GenerateSensorData":{"count":6831,"self":0.253436,"total":192.849338,"children":{"CameraSensor.GetCompressedObservation":{"count":6831,"self":192.595904,"total":192.595902,"children":null}}}}}}}}},"DecideAction":{"count":6831,"self":58040.162713599995,"total":58040.160851,"children":null},"AgentAct":{"count":6831,"self":0.367094,"total":0.367094,"children":null}},"gauges":{},"metadata":{"timer_format_version":"0.1.0","start_time_seconds":"1719773836","unity_version":"2021.3.24f1","command_line_arguments":"\/home\/dvij\/lecar-car\/simulators\/ros2-env-v4\/sim.x86_64 --mlagents-port 5005 -logFile logs\/Player-0.log","communication_protocol_version":"1.5.0","com.unity.ml-agents_version":"2.0.1","scene_name":"Train_env","end_time_seconds":"1719832147"}}